<?xml version="1.0" ?>
<XML_DIZ_INFO>
	<MASTER_PAD_VERSION_INFO>
		<MASTER_PAD_VERSION>3.11</MASTER_PAD_VERSION>
		<MASTER_PAD_EDITOR>PADGen 3.1.1.47 http://www.padgen.org</MASTER_PAD_EDITOR>
		<MASTER_PAD_INFO>Portable Application Description, or PAD for short, is a data set that is used by shareware authors to disseminate information to anyone interested in their software products. To find out more go to http://pad.asp-software.org</MASTER_PAD_INFO>
	</MASTER_PAD_VERSION_INFO>
	<Company_Info>
		<Company_Name>Advanced Embedded Solutions SAGL</Company_Name>
		<Address_1 />
		<Address_2 />
		<City_Town>Locarno</City_Town>
		<State_Province />
		<Zip_Postal_Code />
		<Country>Switzerland</Country>
		<Company_WebSite_URL>http://embeddedsw.net/</Company_WebSite_URL>
		<Contact_Info>
			<Author_First_Name>Cosimo</Author_First_Name>
			<Author_Last_Name>Oliboni</Author_Last_Name>
			<Author_Email>embedded@embeddedsw.net</Author_Email>
			<Contact_First_Name>EmbeddedSW</Contact_First_Name>
			<Contact_Last_Name></Contact_Last_Name>
			<Contact_Email>embedded@embeddedsw.net</Contact_Email>
		</Contact_Info>
		<Support_Info>
			<Sales_Email>embedded@embeddedsw.net</Sales_Email>
			<Support_Email>embedded@embeddedsw.net</Support_Email>
			<General_Email>embedded@embeddedsw.net</General_Email>
			<Sales_Phone />
			<Support_Phone />
			<General_Phone />
			<Fax_Phone />
		</Support_Info>
	</Company_Info>
	<Program_Info>
		<Program_Name>OpenPuff Steganography &amp; Watermarking</Program_Name>
		<Program_Version>4.00</Program_Version>
		<Program_Release_Month>08</Program_Release_Month>
		<Program_Release_Day>11</Program_Release_Day>
		<Program_Release_Year>2015</Program_Release_Year>
		<Program_Cost_Dollars>0</Program_Cost_Dollars>
		<Program_Cost_Other_Code />
		<Program_Cost_Other />
		<Program_Type>Freeware</Program_Type>
		<Program_Release_Status>Major Update</Program_Release_Status>
		<Program_Install_Support>No Install Support</Program_Install_Support>
		<Program_OS_Support>Win2000,Win8 x32,Win8 x64,Win7 x32,Win7 x64,Win98,WinVista,WinVista x64,WinXP</Program_OS_Support>
		<Program_Language>English,Italian</Program_Language>
		<Program_Change_Info />
		<Program_Specific_Category>Utilities</Program_Specific_Category>
		<Program_Category_Class>Security &amp; Privacy::Encryption Tools</Program_Category_Class>
		<Program_System_Requirements />
		<File_Info>
			<File_Size_Bytes>5302551</File_Size_Bytes>
			<File_Size_K>5178</File_Size_K>
			<File_Size_MB>5.06</File_Size_MB>
		</File_Info>
		<Expire_Info>
			<Has_Expire_Info>N</Has_Expire_Info>
			<Expire_Count />
			<Expire_Based_On />
			<Expire_Other_Info />
			<Expire_Month />
			<Expire_Day />
			<Expire_Year />
		</Expire_Info>
	</Program_Info>
	<Program_Descriptions>
		<English>
			<Keywords>Steganography Watermarking Cryptography Image Audio Video Adobe Flash</Keywords>
			<Char_Desc_45>Professional Steganography SW</Char_Desc_45>
			<Char_Desc_80>Professional Steganography &amp; Watermarking SW - Image/Audio/Video/Adobe support</Char_Desc_80>
			<Char_Desc_250>Professional Steganography &amp; Watermarking SW - Image/Audio/Video/Adobe/Flash support - http://embeddedsw.net/OpenPuff_Steganography_Home.html [Home &amp; Help]</Char_Desc_250>
			<Char_Desc_450>Professional Steganography &amp; Watermarking SW - Image/Audio/Video/Adobe/Flash support - http://embeddedsw.net/OpenPuff_Steganography_Home.html [Home &amp; Help]</Char_Desc_450>
			<Char_Desc_2000>[Home &amp; Help] http://embeddedsw.net/OpenPuff_Steganography_Home.html

OpenPuff is a professional steganography tool
- HW seeded random number generator (CSPRNG)
- Deniable steganography
- Carrier chains (up to 256Mb of hidden data)
- Carrier bits selection level
- Modern multi-cryptography (16 algorithms)
- Multi-layered data obfuscation (3 passwords)
- Chi-squared steganalysis resistance

Unique layers of security
- 256bit+256bit symmetric-key cryptography with KDF4 password extension
- 256bit symmetric key data scrambling (CSPRNG-based shuffling)
- Data whitening (CSPRNG-based noise mixing)
- Adaptive non-linear carrier bit encoding

OpenPuff supports many carrier formats
- Images (BMP, JPG, PCX, PNG, TGA)
- Audio support (AIFF, MP3, NEXT/SUN, WAV)
- Video support (3GP, MP4, MPG, VOB)
- Flash-Adobe support (FLV, SWF, PDF)

OpenPuff is a portable/stealth software
- Native portable structure (no installation, registry keys, .ini files)
- Data Execution Prevention (DEP) support
- Multithread support (up to 16 cpus) = Faster processing

OpenPuff is freeware!
- Spyware/adware-free
- Fully redistributable
- OpenSource core crypto-library (libObfuscate)
</Char_Desc_2000>
		</English>
	</Program_Descriptions>
	<Web_Info>
		<Application_URLs>
			<Application_Info_URL>http://embeddedsw.net/OpenPuff_Steganography_Home.html</Application_Info_URL>
			<Application_Order_URL>http://embeddedsw.net/OpenPuff_Steganography_Home.html</Application_Order_URL>
			<Application_Screenshot_URL>http://embeddedsw.net/images/OpenPuff_Screenshot.jpg</Application_Screenshot_URL>
			<Application_Icon_URL>http://embeddedsw.net/images/OpenPuff.jpg</Application_Icon_URL>
			<Application_XML_File_URL>http://embeddedsw.net/openpuff_pad.xml</Application_XML_File_URL>
		</Application_URLs>
		<Download_URLs>
			<Primary_Download_URL>http://embeddedsw.net/zip/OpenPuff.zip</Primary_Download_URL>
			<Secondary_Download_URL />
			<Additional_Download_URL_1 />
			<Additional_Download_URL_2 />
		</Download_URLs>
	</Web_Info>
	<Permissions>
		<Distribution_Permissions>Project/Software name: OpenPuff v4.00
Company: Advanced Embedded Solutions SAGL

THIS IS A FREEWARE SOFTWARE

This software is released under:

* CC-BY 4.0: http://creativecommons.org/licenses/by/4.0/

You're free to copy, distribute and make commercial use
of this software under the following conditions:

* You have to cite the author (and copyright owner): Advanced Embedded Solutions SAGL
* You have to provide a link to the author's Homepage: http://www.embeddedsw.net/openpuff.html
</Distribution_Permissions>
		<EULA>Disclaimer
- this program was not written for illegal use
- the author declines all responsibilities for improper use of this program, that may violate your country's laws
</EULA>
	</Permissions>
</XML_DIZ_INFO>
